run-id,episode,total_reward,avg_reward,avg_waiting_time,epsilon,lr,gamma
policy_v1,0,-744.6087,-31.0254,31.0254,0.3,0.1,0.95
policy_v1,1,-272.7883,-11.3662,11.3662,0.2997,0.1,0.95
policy_v1,2,-259.1363,-10.7973,10.7973,0.2994,0.1,0.95
policy_v1,3,-252.4676,-10.5195,10.5195,0.2991,0.1,0.95
policy_v1,4,-358.9456,-14.9561,14.9561,0.2988,0.1,0.95
policy_v1,5,-646.6087,-26.942,26.942,0.2985,0.1,0.95
policy_v1,6,-439.0867,-18.2953,18.2953,0.2982,0.1,0.95
policy_v1,7,-341.9599,-14.2483,14.2483,0.2979,0.1,0.95
policy_v1,8,-135.0,-5.625,5.625,0.2976,0.1,0.95
policy_v1,9,-420.1363,-17.5057,17.5057,0.2973,0.1,0.95
policy_v1,10,-378.6391,-15.7766,15.7766,0.297,0.1,0.95
policy_v1,11,-850.9809,-35.4575,35.4575,0.2967,0.1,0.95
policy_v1,12,-255.6297,-10.6512,10.6512,0.2964,0.1,0.95
policy_v1,13,-62.1172,-2.5882,2.5882,0.2961,0.1,0.95
policy_v1,14,-165.9647,-6.9152,6.9152,0.2958,0.1,0.95
policy_v1,15,-545.296,-22.7207,22.7207,0.2955,0.1,0.95
policy_v1,16,-627.4724,-26.1447,26.1447,0.2952,0.1,0.95
policy_v1,17,-242.7803,-10.1158,10.1158,0.2949,0.1,0.95
policy_v1,18,-264.9599,-11.04,11.04,0.2946,0.1,0.95
policy_v1,19,-360.9599,-15.04,15.04,0.2943,0.1,0.95
policy_v1,20,-42.8188,-1.7841,1.7841,0.294,0.1,0.95
policy_v1,21,-64.9599,-2.7067,2.7067,0.2937,0.1,0.95
policy_v1,22,-159.8188,-6.6591,6.6591,0.2934,0.1,0.95
policy_v1,23,-550.1363,-22.9223,22.9223,0.2931,0.1,0.95
policy_v1,24,-534.4676,-22.2695,22.2695,0.2928,0.1,0.95
policy_v1,25,-56.9599,-2.3733,2.3733,0.2925,0.1,0.95
policy_v1,26,-145.9599,-6.0817,6.0817,0.2922,0.1,0.95
policy_v1,27,-58.9599,-2.4567,2.4567,0.2919,0.1,0.95
policy_v1,28,-67.1363,-2.7973,2.7973,0.2916,0.1,0.95
policy_v1,29,-176.9599,-7.3733,7.3733,0.2913,0.1,0.95
policy_v1,30,-266.6462,-11.1103,11.1103,0.291,0.1,0.95
policy_v1,31,-47.9599,-1.9983,1.9983,0.2907,0.1,0.95
policy_v1,32,-174.8188,-7.2841,7.2841,0.2904,0.1,0.95
policy_v1,33,-470.9599,-19.6233,19.6233,0.2901,0.1,0.95
policy_v1,34,-263.6087,-10.9837,10.9837,0.2898,0.1,0.95
policy_v1,35,-191.7883,-7.9912,7.9912,0.2895,0.1,0.95
policy_v1,36,-175.9599,-7.3317,7.3317,0.2892,0.1,0.95
policy_v1,37,-194.9599,-8.1233,8.1233,0.2889,0.1,0.95
policy_v1,38,-159.1363,-6.6307,6.6307,0.2886,0.1,0.95
policy_v1,39,-84.9599,-3.54,3.54,0.2883,0.1,0.95
policy_v1,40,-76.9599,-3.2067,3.2067,0.288,0.1,0.95
policy_v1,41,-640.6462,-26.6936,26.6936,0.2877,0.1,0.95
policy_v1,42,-741.9599,-30.915,30.915,0.2874,0.1,0.95
policy_v1,43,-540.4724,-22.5197,22.5197,0.2871,0.1,0.95
policy_v1,44,-168.6462,-7.0269,7.0269,0.2868,0.1,0.95
policy_v1,45,-265.1315,-11.0471,11.0471,0.2865,0.1,0.95
policy_v1,46,-148.9952,-6.2081,6.2081,0.2862,0.1,0.95
policy_v1,47,-361.9599,-15.0817,15.0817,0.2859,0.1,0.95
policy_v1,48,-356.6462,-14.8603,14.8603,0.2856,0.1,0.95
policy_v1,49,-170.5051,-7.1044,7.1044,0.2853,0.1,0.95
policy_v1,50,-67.9647,-2.8319,2.8319,0.285,0.1,0.95
policy_v1,51,-244.1539,-10.1731,10.1731,0.2847,0.1,0.95
policy_v1,52,-460.9599,-19.2067,19.2067,0.2844,0.1,0.95
policy_v1,53,-443.4371,-18.4765,18.4765,0.2841,0.1,0.95
policy_v1,54,-55.1363,-2.2973,2.2973,0.2838,0.1,0.95
policy_v1,55,-78.9456,-3.2894,3.2894,0.2835,0.1,0.95
policy_v1,56,-155.9599,-6.4983,6.4983,0.2832,0.1,0.95
policy_v1,57,-136.1363,-5.6723,5.6723,0.2829,0.1,0.95
policy_v1,58,-433.1363,-18.0473,18.0473,0.2826,0.1,0.95
policy_v1,59,-56.9599,-2.3733,2.3733,0.2823,0.1,0.95
policy_v1,60,-557.9599,-23.2483,23.2483,0.282,0.1,0.95
policy_v1,61,-153.9456,-6.4144,6.4144,0.2817,0.1,0.95
policy_v1,62,-638.1363,-26.589,26.589,0.2814,0.1,0.95
policy_v1,63,-342.9599,-14.29,14.29,0.2811,0.1,0.95
policy_v1,64,-47.101,-1.9625,1.9625,0.2808,0.1,0.95
policy_v1,65,-245.8236,-10.2427,10.2427,0.2805,0.1,0.95
policy_v1,66,-56.9599,-2.3733,2.3733,0.2802,0.1,0.95
policy_v1,67,-450.1315,-18.7555,18.7555,0.2799,0.1,0.95
policy_v1,68,-262.6087,-10.942,10.942,0.2796,0.1,0.95
policy_v1,69,-235.9599,-9.8317,9.8317,0.2793,0.1,0.95
policy_v1,70,-37.101,-1.5459,1.5459,0.279,0.1,0.95
policy_v1,71,-153.9599,-6.415,6.415,0.2787,0.1,0.95
policy_v1,72,-75.9599,-3.165,3.165,0.2784,0.1,0.95
policy_v1,73,-154.1315,-6.4221,6.4221,0.2781,0.1,0.95
policy_v1,74,-157.1315,-6.5471,6.5471,0.2778,0.1,0.95
policy_v1,75,-361.1315,-15.0471,15.0471,0.2775,0.1,0.95
policy_v1,76,-150.9599,-6.29,6.29,0.2772,0.1,0.95
policy_v1,77,-275.9599,-11.4983,11.4983,0.2769,0.1,0.95
policy_v1,78,-76.9599,-3.2067,3.2067,0.2766,0.1,0.95
policy_v1,79,-352.1539,-14.6731,14.6731,0.2763,0.1,0.95
policy_v1,80,-559.9599,-23.3317,23.3317,0.276,0.1,0.95
policy_v1,81,-273.1315,-11.3805,11.3805,0.2757,0.1,0.95
policy_v1,82,-461.9599,-19.2483,19.2483,0.2754,0.1,0.95
policy_v1,83,-74.9599,-3.1233,3.1233,0.2751,0.1,0.95
policy_v1,84,-192.9456,-8.0394,8.0394,0.2748,0.1,0.95
policy_v1,85,-69.1363,-2.8807,2.8807,0.2745,0.1,0.95
policy_v1,86,-254.6087,-10.6087,10.6087,0.2742,0.1,0.95
policy_v1,87,-75.9599,-3.165,3.165,0.2739,0.1,0.95
policy_v1,88,-56.9599,-2.3733,2.3733,0.2736,0.1,0.95
policy_v1,89,-58.9599,-2.4567,2.4567,0.2733,0.1,0.95
policy_v1,90,-164.9599,-6.8733,6.8733,0.273,0.1,0.95
policy_v1,91,-536.6087,-22.3587,22.3587,0.2727,0.1,0.95
policy_v1,92,-260.5944,-10.8581,10.8581,0.2724,0.1,0.95
policy_v1,93,-564.4676,-23.5195,23.5195,0.2721,0.1,0.95
policy_v1,94,-161.8188,-6.7425,6.7425,0.2718,0.1,0.95
policy_v1,95,-342.1363,-14.2557,14.2557,0.2715,0.1,0.95
policy_v1,96,-143.9599,-5.9983,5.9983,0.2712,0.1,0.95
policy_v1,97,-145.3079,-6.0545,6.0545,0.2709,0.1,0.95
policy_v1,98,-47.1315,-1.9638,1.9638,0.2706,0.1,0.95
policy_v1,99,-148.5051,-6.1877,6.1877,0.2703,0.1,0.95
policy_v1,100,-460.9599,-19.2067,19.2067,0.27,0.1,0.95
policy_v1,101,-59.7883,-2.4912,2.4912,0.2697,0.1,0.95
policy_v1,102,-54.9599,-2.29,2.29,0.2694,0.1,0.95
policy_v1,103,-175.7883,-7.3245,7.3245,0.2691,0.1,0.95
policy_v1,104,-151.122,-6.2968,6.2968,0.2688,0.1,0.95
policy_v1,105,-148.6462,-6.1936,6.1936,0.2685,0.1,0.95
policy_v1,106,-37.1315,-1.5471,1.5471,0.2682,0.1,0.95
policy_v1,107,-342.7883,-14.2828,14.2828,0.2679,0.1,0.95
policy_v1,108,-150.9599,-6.29,6.29,0.2676,0.1,0.95
policy_v1,109,-261.9456,-10.9144,10.9144,0.2673,0.1,0.95
policy_v1,110,-337.6462,-14.0686,14.0686,0.267,0.1,0.95
policy_v1,111,-430.9599,-17.9567,17.9567,0.2667,0.1,0.95
policy_v1,112,-818.101,-34.0875,34.0875,0.2664,0.1,0.95
policy_v1,113,-465.9456,-19.4144,19.4144,0.2661,0.1,0.95
policy_v1,114,-472.1172,-19.6716,19.6716,0.2658,0.1,0.95
policy_v1,115,-226.2726,-9.428,9.428,0.2655,0.1,0.95
policy_v1,116,-364.9599,-15.2067,15.2067,0.2652,0.1,0.95
policy_v1,117,-353.9599,-14.7483,14.7483,0.2649,0.1,0.95
policy_v1,118,-175.9599,-7.3317,7.3317,0.2646,0.1,0.95
policy_v1,119,-135.9599,-5.665,5.665,0.2643,0.1,0.95
policy_v1,120,-85.1315,-3.5471,3.5471,0.264,0.1,0.95
policy_v1,121,-440.9599,-18.3733,18.3733,0.2637,0.1,0.95
policy_v1,122,-183.9599,-7.665,7.665,0.2634,0.1,0.95
policy_v1,123,-73.9456,-3.0811,3.0811,0.2631,0.1,0.95
policy_v1,124,-449.9599,-18.7483,18.7483,0.2628,0.1,0.95
policy_v1,125,-165.9599,-6.915,6.915,0.2625,0.1,0.95
policy_v1,126,-67.9599,-2.8317,2.8317,0.2622,0.1,0.95
policy_v1,127,-69.101,-2.8792,2.8792,0.2619,0.1,0.95
policy_v1,128,-76.9599,-3.2067,3.2067,0.2616,0.1,0.95
policy_v1,129,-52.8188,-2.2008,2.2008,0.2613,0.1,0.95
policy_v1,130,-242.6087,-10.1087,10.1087,0.261,0.1,0.95
policy_v1,131,-48.9599,-2.04,2.04,0.2607,0.1,0.95
policy_v1,132,-251.7803,-10.4908,10.4908,0.2604,0.1,0.95
policy_v1,133,-616.6087,-25.692,25.692,0.2601,0.1,0.95
policy_v1,134,-340.6391,-14.1933,14.1933,0.2598,0.1,0.95
policy_v1,135,-64.6462,-2.6936,2.6936,0.2595,0.1,0.95
policy_v1,136,-155.9599,-6.4983,6.4983,0.2592,0.1,0.95
policy_v1,137,-281.1172,-11.7132,11.7132,0.2589,0.1,0.95
policy_v1,138,-57.1315,-2.3805,2.3805,0.2586,0.1,0.95
policy_v1,139,-371.9599,-15.4983,15.4983,0.2583,0.1,0.95
policy_v1,140,-67.9599,-2.8317,2.8317,0.258,0.1,0.95
policy_v1,141,-269.5051,-11.2294,11.2294,0.2577,0.1,0.95
policy_v1,142,-271.6462,-11.3186,11.3186,0.2574,0.1,0.95
policy_v1,143,-158.3079,-6.5962,6.5962,0.2571,0.1,0.95
policy_v1,144,-67.9599,-2.8317,2.8317,0.2568,0.1,0.95
policy_v1,145,-461.1315,-19.2138,19.2138,0.2565,0.1,0.95
policy_v1,146,-350.1315,-14.5888,14.5888,0.2562,0.1,0.95
policy_v1,147,-154.8188,-6.4508,6.4508,0.2559,0.1,0.95
policy_v1,148,-356.101,-14.8375,14.8375,0.2556,0.1,0.95
policy_v1,149,-145.9599,-6.0817,6.0817,0.2553,0.1,0.95
policy_v1,150,-283.9456,-11.8311,11.8311,0.255,0.1,0.95
policy_v1,151,-359.8188,-14.9925,14.9925,0.2547,0.1,0.95
policy_v1,152,-349.9456,-14.5811,14.5811,0.2544,0.1,0.95
policy_v1,153,-65.6462,-2.7353,2.7353,0.2541,0.1,0.95
policy_v1,154,-56.9599,-2.3733,2.3733,0.2538,0.1,0.95
policy_v1,155,-348.4676,-14.5195,14.5195,0.2535,0.1,0.95
policy_v1,156,-359.9599,-14.9983,14.9983,0.2532,0.1,0.95
policy_v1,157,-49.6462,-2.0686,2.0686,0.2529,0.1,0.95
policy_v1,158,-55.9599,-2.3317,2.3317,0.2526,0.1,0.95
policy_v1,159,-64.9599,-2.7067,2.7067,0.2523,0.1,0.95
policy_v1,160,-457.6767,-19.0699,19.0699,0.252,0.1,0.95
policy_v1,161,-253.9599,-10.5817,10.5817,0.2517,0.1,0.95
policy_v1,162,-37.1315,-1.5471,1.5471,0.2514,0.1,0.95
policy_v1,163,-657.9599,-27.415,27.415,0.2511,0.1,0.95
policy_v1,164,-158.8236,-6.6177,6.6177,0.2508,0.1,0.95
policy_v1,165,-68.9599,-2.8733,2.8733,0.2505,0.1,0.95
policy_v1,166,-722.4676,-30.1028,30.1028,0.2502,0.1,0.95
policy_v1,167,-38.3079,-1.5962,1.5962,0.2499,0.1,0.95
policy_v1,168,-194.9599,-8.1233,8.1233,0.2496,0.1,0.95
policy_v1,169,-56.9599,-2.3733,2.3733,0.2493,0.1,0.95
policy_v1,170,-333.4371,-13.8932,13.8932,0.249,0.1,0.95
policy_v1,171,-527.9599,-21.9983,21.9983,0.2487,0.1,0.95
policy_v1,172,-450.644,-18.7768,18.7768,0.2484,0.1,0.95
policy_v1,173,-156.1315,-6.5055,6.5055,0.2481,0.1,0.95
policy_v1,174,-175.9599,-7.3317,7.3317,0.2478,0.1,0.95
policy_v1,175,-76.9599,-3.2067,3.2067,0.2475,0.1,0.95
policy_v1,176,-151.1363,-6.2973,6.2973,0.2472,0.1,0.95
policy_v1,177,-349.9599,-14.5817,14.5817,0.2469,0.1,0.95
policy_v1,178,-246.9599,-10.29,10.29,0.2466,0.1,0.95
policy_v1,179,-55.1363,-2.2973,2.2973,0.2463,0.1,0.95
policy_v1,180,-154.1363,-6.4223,6.4223,0.246,0.1,0.95
policy_v1,181,-260.9456,-10.8727,10.8727,0.2457,0.1,0.95
policy_v1,182,-65.1363,-2.714,2.714,0.2454,0.1,0.95
policy_v1,183,-64.9599,-2.7067,2.7067,0.2451,0.1,0.95
policy_v1,184,-56.1363,-2.339,2.339,0.2448,0.1,0.95
policy_v1,185,-55.1315,-2.2971,2.2971,0.2445,0.1,0.95
policy_v1,186,-156.1363,-6.5057,6.5057,0.2442,0.1,0.95
policy_v1,187,-430.9599,-17.9567,17.9567,0.2439,0.1,0.95
policy_v1,188,-813.7803,-33.9075,33.9075,0.2436,0.1,0.95
policy_v1,189,-69.1363,-2.8807,2.8807,0.2433,0.1,0.95
policy_v1,190,-76.9599,-3.2067,3.2067,0.243,0.1,0.95
policy_v1,191,-341.4371,-14.2265,14.2265,0.2427,0.1,0.95
policy_v1,192,-68.8188,-2.8675,2.8675,0.2424,0.1,0.95
policy_v1,193,-253.9599,-10.5817,10.5817,0.2421,0.1,0.95
policy_v1,194,-72.9456,-3.0394,3.0394,0.2418,0.1,0.95
policy_v1,195,-48.1363,-2.0057,2.0057,0.2415,0.1,0.95
policy_v1,196,-625.3079,-26.0545,26.0545,0.2412,0.1,0.95
policy_v1,197,-162.6462,-6.7769,6.7769,0.2409,0.1,0.95
policy_v1,198,-254.9599,-10.6233,10.6233,0.2406,0.1,0.95
policy_v1,199,-47.9599,-1.9983,1.9983,0.2403,0.1,0.95
policy_v1,200,-52.9904,-2.2079,2.2079,0.24,0.1,0.95
policy_v1,201,-56.9599,-2.3733,2.3733,0.2397,0.1,0.95
policy_v1,202,-56.9599,-2.3733,2.3733,0.2394,0.1,0.95
policy_v1,203,-47.9599,-1.9983,1.9983,0.2391,0.1,0.95
policy_v1,204,-456.9599,-19.04,19.04,0.2388,0.1,0.95
policy_v1,205,-76.9599,-3.2067,3.2067,0.2385,0.1,0.95
policy_v1,206,-30.1363,-1.2557,1.2557,0.2382,0.1,0.95
policy_v1,207,-156.9599,-6.54,6.54,0.2379,0.1,0.95
policy_v1,208,-56.9599,-2.3733,2.3733,0.2376,0.1,0.95
policy_v1,209,-627.9599,-26.165,26.165,0.2373,0.1,0.95
policy_v1,210,-55.1315,-2.2971,2.2971,0.237,0.1,0.95
policy_v1,211,-330.3079,-13.7628,13.7628,0.2367,0.1,0.95
policy_v1,212,-349.4676,-14.5611,14.5611,0.2364,0.1,0.95
policy_v1,213,-148.101,-6.1709,6.1709,0.2361,0.1,0.95
policy_v1,214,-343.1539,-14.2981,14.2981,0.2358,0.1,0.95
policy_v1,215,-147.9599,-6.165,6.165,0.2355,0.1,0.95
policy_v1,216,-358.5051,-14.9377,14.9377,0.2352,0.1,0.95
policy_v1,217,-166.1315,-6.9221,6.9221,0.2349,0.1,0.95
policy_v1,218,-76.9599,-3.2067,3.2067,0.2346,0.1,0.95
policy_v1,219,-73.6462,-3.0686,3.0686,0.2343,0.1,0.95
policy_v1,220,-67.9599,-2.8317,2.8317,0.234,0.1,0.95
policy_v1,221,-66.9599,-2.79,2.79,0.2337,0.1,0.95
policy_v1,222,-334.7883,-13.9495,13.9495,0.2334,0.1,0.95
policy_v1,223,-335.4676,-13.9778,13.9778,0.2331,0.1,0.95
policy_v1,224,-530.1363,-22.089,22.089,0.2328,0.1,0.95
policy_v1,225,-136.1315,-5.6721,5.6721,0.2325,0.1,0.95
policy_v1,226,-433.1315,-18.0471,18.0471,0.2322,0.1,0.95
policy_v1,227,-332.5051,-13.8544,13.8544,0.2319,0.1,0.95
policy_v1,228,-555.1021,-23.1293,23.1293,0.2316,0.1,0.95
policy_v1,229,-331.9599,-13.8317,13.8317,0.2313,0.1,0.95
policy_v1,230,-47.101,-1.9625,1.9625,0.231,0.1,0.95
policy_v1,231,-261.6462,-10.9019,10.9019,0.2307,0.1,0.95
policy_v1,232,-46.9599,-1.9567,1.9567,0.2304,0.1,0.95
policy_v1,233,-539.9599,-22.4983,22.4983,0.2301,0.1,0.95
policy_v1,234,-437.9448,-18.2477,18.2477,0.2298,0.1,0.95
policy_v1,235,-46.9599,-1.9567,1.9567,0.2295,0.1,0.95
policy_v1,236,-56.9599,-2.3733,2.3733,0.2292,0.1,0.95
policy_v1,237,-136.2726,-5.678,5.678,0.2289,0.1,0.95
policy_v1,238,-78.1315,-3.2555,3.2555,0.2286,0.1,0.95
policy_v1,239,-180.9456,-7.5394,7.5394,0.2283,0.1,0.95
policy_v1,240,-47.1315,-1.9638,1.9638,0.228,0.1,0.95
policy_v1,241,-166.9599,-6.9567,6.9567,0.2277,0.1,0.95
policy_v1,242,-617.6087,-25.7337,25.7337,0.2274,0.1,0.95
policy_v1,243,-439.9599,-18.3317,18.3317,0.2271,0.1,0.95
policy_v1,244,-64.9599,-2.7067,2.7067,0.2268,0.1,0.95
policy_v1,245,-559.9599,-23.3317,23.3317,0.2265,0.1,0.95
policy_v1,246,-163.9599,-6.8317,6.8317,0.2262,0.1,0.95
policy_v1,247,-164.5051,-6.8544,6.8544,0.2259,0.1,0.95
policy_v1,248,-175.9599,-7.3317,7.3317,0.2256,0.1,0.95
policy_v1,249,-56.9599,-2.3733,2.3733,0.2253,0.1,0.95
policy_v1,250,-47.9599,-1.9983,1.9983,0.225,0.1,0.95
policy_v1,251,-55.9599,-2.3317,2.3317,0.2247,0.1,0.95
policy_v1,252,-52.2936,-2.1789,2.1789,0.2244,0.1,0.95
policy_v1,253,-242.6087,-10.1087,10.1087,0.2241,0.1,0.95
policy_v1,254,-920.6087,-38.3587,38.3587,0.2238,0.1,0.95
policy_v1,255,-564.4676,-23.5195,23.5195,0.2235,0.1,0.95
policy_v1,256,-266.9599,-11.1233,11.1233,0.2232,0.1,0.95
policy_v1,257,-63.6462,-2.6519,2.6519,0.2229,0.1,0.95
policy_v1,258,-716.1363,-29.839,29.839,0.2226,0.1,0.95
policy_v1,259,-362.296,-15.0957,15.0957,0.2223,0.1,0.95
policy_v1,260,-175.9599,-7.3317,7.3317,0.222,0.1,0.95
policy_v1,261,-36.1315,-1.5055,1.5055,0.2217,0.1,0.95
policy_v1,262,-159.6462,-6.6519,6.6519,0.2214,0.1,0.95
policy_v1,263,-48.1363,-2.0057,2.0057,0.2211,0.1,0.95
policy_v1,264,-68.9599,-2.8733,2.8733,0.2208,0.1,0.95
policy_v1,265,-439.1363,-18.2973,18.2973,0.2205,0.1,0.95
policy_v1,266,-364.101,-15.1709,15.1709,0.2202,0.1,0.95
policy_v1,267,-45.1363,-1.8807,1.8807,0.2199,0.1,0.95
policy_v1,268,-134.1363,-5.589,5.589,0.2196,0.1,0.95
policy_v1,269,-93.9456,-3.9144,3.9144,0.2193,0.1,0.95
policy_v1,270,-332.7883,-13.8662,13.8662,0.219,0.1,0.95
policy_v1,271,-353.6087,-14.7337,14.7337,0.2187,0.1,0.95
policy_v1,272,-339.9599,-14.165,14.165,0.2184,0.1,0.95
policy_v1,273,-38.1363,-1.589,1.589,0.2181,0.1,0.95
policy_v1,274,-75.1315,-3.1305,3.1305,0.2178,0.1,0.95
policy_v1,275,-28.3079,-1.1795,1.1795,0.2175,0.1,0.95
policy_v1,276,-155.9599,-6.4983,6.4983,0.2172,0.1,0.95
policy_v1,277,-44.8188,-1.8675,1.8675,0.2169,0.1,0.95
policy_v1,278,-158.9456,-6.6227,6.6227,0.2166,0.1,0.95
policy_v1,279,-353.9599,-14.7483,14.7483,0.2163,0.1,0.95
policy_v1,280,-56.9599,-2.3733,2.3733,0.216,0.1,0.95
policy_v1,281,-47.9599,-1.9983,1.9983,0.2157,0.1,0.95
policy_v1,282,-48.9599,-2.04,2.04,0.2154,0.1,0.95
policy_v1,283,-175.9599,-7.3317,7.3317,0.2151,0.1,0.95
policy_v1,284,-46.3079,-1.9295,1.9295,0.2148,0.1,0.95
policy_v1,285,-168.9599,-7.04,7.04,0.2145,0.1,0.95
policy_v1,286,-165.9599,-6.915,6.915,0.2142,0.1,0.95
policy_v1,287,-232.4676,-9.6861,9.6861,0.2139,0.1,0.95
policy_v1,288,-67.9647,-2.8319,2.8319,0.2136,0.1,0.95
policy_v1,289,-46.9599,-1.9567,1.9567,0.2133,0.1,0.95
policy_v1,290,-56.1315,-2.3388,2.3388,0.213,0.1,0.95
policy_v1,291,-46.1363,-1.9223,1.9223,0.2127,0.1,0.95
policy_v1,292,-615.6087,-25.6504,25.6504,0.2124,0.1,0.95
policy_v1,293,-54.9599,-2.29,2.29,0.2121,0.1,0.95
policy_v1,294,-323.1363,-13.464,13.464,0.2118,0.1,0.95
policy_v1,295,-137.9599,-5.7483,5.7483,0.2115,0.1,0.95
policy_v1,296,-35.9599,-1.4983,1.4983,0.2112,0.1,0.95
policy_v1,297,-56.9599,-2.3733,2.3733,0.2109,0.1,0.95
policy_v1,298,-38.9599,-1.6233,1.6233,0.2106,0.1,0.95
policy_v1,299,-67.9599,-2.8317,2.8317,0.2103,0.1,0.95
policy_v1,300,-56.9599,-2.3733,2.3733,0.21,0.1,0.95
policy_v1,301,-172.9456,-7.2061,7.2061,0.2097,0.1,0.95
policy_v1,302,-361.9599,-15.0817,15.0817,0.2094,0.1,0.95
policy_v1,303,-48.9599,-2.04,2.04,0.2091,0.1,0.95
policy_v1,304,-340.1315,-14.1721,14.1721,0.2088,0.1,0.95
policy_v1,305,-40.9599,-1.7067,1.7067,0.2085,0.1,0.95
policy_v1,306,-145.9599,-6.0817,6.0817,0.2082,0.1,0.95
policy_v1,307,-136.6462,-5.6936,5.6936,0.2079,0.1,0.95
policy_v1,308,-66.0867,-2.7536,2.7536,0.2076,0.1,0.95
policy_v1,309,-38.9599,-1.6233,1.6233,0.2073,0.1,0.95
policy_v1,310,-36.9599,-1.54,1.54,0.207,0.1,0.95
policy_v1,311,-38.1363,-1.589,1.589,0.2067,0.1,0.95
policy_v1,312,-37.9599,-1.5817,1.5817,0.2064,0.1,0.95
policy_v1,313,-129.101,-5.3792,5.3792,0.2061,0.1,0.95
policy_v1,314,-345.1716,-14.3821,14.3821,0.2058,0.1,0.95
policy_v1,315,-629.9599,-26.2483,26.2483,0.2055,0.1,0.95
policy_v1,316,-258.4676,-10.7695,10.7695,0.2052,0.1,0.95
policy_v1,317,-626.9599,-26.1233,26.1233,0.2049,0.1,0.95
policy_v1,318,-244.1363,-10.1723,10.1723,0.2046,0.1,0.95
policy_v1,319,-56.9599,-2.3733,2.3733,0.2043,0.1,0.95
policy_v1,320,-39.1315,-1.6305,1.6305,0.204,0.1,0.95
policy_v1,321,-48.9599,-2.04,2.04,0.2037,0.1,0.95
policy_v1,322,-46.9599,-1.9567,1.9567,0.2034,0.1,0.95
policy_v1,323,-56.9599,-2.3733,2.3733,0.2031,0.1,0.95
policy_v1,324,-167.9599,-6.9983,6.9983,0.2028,0.1,0.95
policy_v1,325,-146.1315,-6.0888,6.0888,0.2025,0.1,0.95
policy_v1,326,-271.4676,-11.3111,11.3111,0.2022,0.1,0.95
policy_v1,327,-67.9599,-2.8317,2.8317,0.2019,0.1,0.95
policy_v1,328,-50.6462,-2.1103,2.1103,0.2016,0.1,0.95
policy_v1,329,-243.6087,-10.1504,10.1504,0.2013,0.1,0.95
policy_v1,330,-63.8188,-2.6591,2.6591,0.201,0.1,0.95
policy_v1,331,-155.9599,-6.4983,6.4983,0.2007,0.1,0.95
policy_v1,332,-56.9599,-2.3733,2.3733,0.2004,0.1,0.95
policy_v1,333,-48.9599,-2.04,2.04,0.2001,0.1,0.95
policy_v1,334,-27.101,-1.1292,1.1292,0.1998,0.1,0.95
policy_v1,335,-156.1363,-6.5057,6.5057,0.1995,0.1,0.95
policy_v1,336,-78.9599,-3.29,3.29,0.1992,0.1,0.95
policy_v1,337,-148.101,-6.1709,6.1709,0.1989,0.1,0.95
policy_v1,338,-354.6462,-14.7769,14.7769,0.1986,0.1,0.95
policy_v1,339,-169.7883,-7.0745,7.0745,0.1983,0.1,0.95
policy_v1,340,-477.9456,-19.9144,19.9144,0.198,0.1,0.95
policy_v1,341,-38.9599,-1.6233,1.6233,0.1977,0.1,0.95
policy_v1,342,-154.9599,-6.4567,6.4567,0.1974,0.1,0.95
policy_v1,343,-517.6087,-21.567,21.567,0.1971,0.1,0.95
policy_v1,344,-39.3079,-1.6378,1.6378,0.1968,0.1,0.95
policy_v1,345,-46.9599,-1.9567,1.9567,0.1965,0.1,0.95
policy_v1,346,-38.9599,-1.6233,1.6233,0.1962,0.1,0.95
policy_v1,347,-343.9599,-14.3317,14.3317,0.1959,0.1,0.95
policy_v1,348,-57.9599,-2.415,2.415,0.1956,0.1,0.95
policy_v1,349,-148.6462,-6.1936,6.1936,0.1953,0.1,0.95
policy_v1,350,-68.9599,-2.8733,2.8733,0.195,0.1,0.95
policy_v1,351,-56.9599,-2.3733,2.3733,0.1947,0.1,0.95
policy_v1,352,-139.1363,-5.7973,5.7973,0.1944,0.1,0.95
policy_v1,353,-426.1363,-17.7557,17.7557,0.1941,0.1,0.95
policy_v1,354,-139.9599,-5.8317,5.8317,0.1938,0.1,0.95
policy_v1,355,-140.6462,-5.8603,5.8603,0.1935,0.1,0.95
policy_v1,356,-51.9599,-2.165,2.165,0.1932,0.1,0.95
policy_v1,357,-141.1363,-5.8807,5.8807,0.1929,0.1,0.95
policy_v1,358,-40.9599,-1.7067,1.7067,0.1926,0.1,0.95
policy_v1,359,-352.1363,-14.6723,14.6723,0.1923,0.1,0.95
policy_v1,360,-183.9599,-7.665,7.665,0.192,0.1,0.95
policy_v1,361,-68.1363,-2.839,2.839,0.1917,0.1,0.95
policy_v1,362,-46.9599,-1.9567,1.9567,0.1914,0.1,0.95
policy_v1,363,-232.1539,-9.6731,9.6731,0.1911,0.1,0.95
policy_v1,364,-436.9448,-18.206,18.206,0.1908,0.1,0.95
policy_v1,365,-244.9599,-10.2067,10.2067,0.1905,0.1,0.95
policy_v1,366,-254.9599,-10.6233,10.6233,0.1902,0.1,0.95
policy_v1,367,-236.1363,-9.839,9.839,0.1899,0.1,0.95
policy_v1,368,-251.4676,-10.4778,10.4778,0.1896,0.1,0.95
policy_v1,369,-56.9599,-2.3733,2.3733,0.1893,0.1,0.95
policy_v1,370,-230.295,-9.5956,9.5956,0.189,0.1,0.95
policy_v1,371,-274.9599,-11.4567,11.4567,0.1887,0.1,0.95
policy_v1,372,-262.4676,-10.9361,10.9361,0.1884,0.1,0.95
policy_v1,373,-46.9599,-1.9567,1.9567,0.1881,0.1,0.95
policy_v1,374,-146.1363,-6.089,6.089,0.1878,0.1,0.95
policy_v1,375,-248.1363,-10.339,10.339,0.1875,0.1,0.95
policy_v1,376,-136.2726,-5.678,5.678,0.1872,0.1,0.95
policy_v1,377,-47.101,-1.9625,1.9625,0.1869,0.1,0.95
policy_v1,378,-76.9599,-3.2067,3.2067,0.1866,0.1,0.95
policy_v1,379,-50.101,-2.0875,2.0875,0.1863,0.1,0.95
policy_v1,380,-157.9599,-6.5817,6.5817,0.186,0.1,0.95
policy_v1,381,-68.9599,-2.8733,2.8733,0.1857,0.1,0.95
policy_v1,382,-257.6462,-10.7353,10.7353,0.1854,0.1,0.95
policy_v1,383,-332.101,-13.8375,13.8375,0.1851,0.1,0.95
policy_v1,384,-251.4676,-10.4778,10.4778,0.1848,0.1,0.95
policy_v1,385,-48.9599,-2.04,2.04,0.1845,0.1,0.95
policy_v1,386,-46.9599,-1.9567,1.9567,0.1842,0.1,0.95
policy_v1,387,-48.101,-2.0042,2.0042,0.1839,0.1,0.95
policy_v1,388,-66.9599,-2.79,2.79,0.1836,0.1,0.95
policy_v1,389,-144.3079,-6.0128,6.0128,0.1833,0.1,0.95
policy_v1,390,-70.9599,-2.9567,2.9567,0.183,0.1,0.95
policy_v1,391,-65.1363,-2.714,2.714,0.1827,0.1,0.95
policy_v1,392,-47.9599,-1.9983,1.9983,0.1824,0.1,0.95
policy_v1,393,-155.9599,-6.4983,6.4983,0.1821,0.1,0.95
policy_v1,394,-58.9599,-2.4567,2.4567,0.1818,0.1,0.95
policy_v1,395,-361.9599,-15.0817,15.0817,0.1815,0.1,0.95
policy_v1,396,-47.101,-1.9625,1.9625,0.1812,0.1,0.95
policy_v1,397,-81.7883,-3.4078,3.4078,0.1809,0.1,0.95
policy_v1,398,-75.6462,-3.1519,3.1519,0.1806,0.1,0.95
policy_v1,399,-28.101,-1.1709,1.1709,0.1803,0.1,0.95
policy_v1,400,-52.1363,-2.1723,2.1723,0.18,0.1,0.95
policy_v1,401,-341.9599,-14.2483,14.2483,0.1797,0.1,0.95
policy_v1,402,-29.2726,-1.2197,1.2197,0.1794,0.1,0.95
policy_v1,403,-76.9599,-3.2067,3.2067,0.1791,0.1,0.95
policy_v1,404,-50.6462,-2.1103,2.1103,0.1788,0.1,0.95
policy_v1,405,-252.9599,-10.54,10.54,0.1785,0.1,0.95
policy_v1,406,-36.9599,-1.54,1.54,0.1782,0.1,0.95
policy_v1,407,-276.9599,-11.54,11.54,0.1779,0.1,0.95
policy_v1,408,-159.9599,-6.665,6.665,0.1776,0.1,0.95
policy_v1,409,-50.1363,-2.089,2.089,0.1773,0.1,0.95
policy_v1,410,-64.9599,-2.7067,2.7067,0.177,0.1,0.95
policy_v1,411,-144.6462,-6.0269,6.0269,0.1767,0.1,0.95
policy_v1,412,-78.9599,-3.29,3.29,0.1764,0.1,0.95
policy_v1,413,-148.1315,-6.1721,6.1721,0.1761,0.1,0.95
policy_v1,414,-254.9599,-10.6233,10.6233,0.1758,0.1,0.95
policy_v1,415,-329.101,-13.7125,13.7125,0.1755,0.1,0.95
policy_v1,416,-456.9599,-19.04,19.04,0.1752,0.1,0.95
policy_v1,417,-39.6462,-1.6519,1.6519,0.1749,0.1,0.95
policy_v1,418,-143.9599,-5.9983,5.9983,0.1746,0.1,0.95
policy_v1,419,-135.9599,-5.665,5.665,0.1743,0.1,0.95
policy_v1,420,-59.9599,-2.4983,2.4983,0.174,0.1,0.95
policy_v1,421,-32.1363,-1.339,1.339,0.1737,0.1,0.95
policy_v1,422,-452.9599,-18.8733,18.8733,0.1734,0.1,0.95
policy_v1,423,-144.1315,-6.0055,6.0055,0.1731,0.1,0.95
policy_v1,424,-237.295,-9.8873,9.8873,0.1728,0.1,0.95
policy_v1,425,-56.9599,-2.3733,2.3733,0.1725,0.1,0.95
policy_v1,426,-61.6462,-2.5686,2.5686,0.1722,0.1,0.95
policy_v1,427,-152.6462,-6.3603,6.3603,0.1719,0.1,0.95
policy_v1,428,-245.6462,-10.2353,10.2353,0.1716,0.1,0.95
policy_v1,429,-549.6087,-22.9004,22.9004,0.1713,0.1,0.95
policy_v1,430,-268.5944,-11.1914,11.1914,0.171,0.1,0.95
policy_v1,431,-170.8188,-7.1175,7.1175,0.1707,0.1,0.95
policy_v1,432,-145.9599,-6.0817,6.0817,0.1704,0.1,0.95
policy_v1,433,-46.9599,-1.9567,1.9567,0.1701,0.1,0.95
policy_v1,434,-46.8236,-1.951,1.951,0.1698,0.1,0.95
policy_v1,435,-165.9599,-6.915,6.915,0.1695,0.1,0.95
policy_v1,436,-44.9599,-1.8733,1.8733,0.1692,0.1,0.95
policy_v1,437,-55.9599,-2.3317,2.3317,0.1689,0.1,0.95
policy_v1,438,-150.1363,-6.2557,6.2557,0.1686,0.1,0.95
policy_v1,439,-544.6462,-22.6936,22.6936,0.1683,0.1,0.95
policy_v1,440,-59.9456,-2.4977,2.4977,0.168,0.1,0.95
policy_v1,441,-172.6462,-7.1936,7.1936,0.1677,0.1,0.95
policy_v1,442,-27.101,-1.1292,1.1292,0.1674,0.1,0.95
policy_v1,443,-149.1363,-6.214,6.214,0.1671,0.1,0.95
policy_v1,444,-51.101,-2.1292,2.1292,0.1668,0.1,0.95
policy_v1,445,-37.9599,-1.5817,1.5817,0.1665,0.1,0.95
policy_v1,446,-30.101,-1.2542,1.2542,0.1662,0.1,0.95
policy_v1,447,-48.101,-2.0042,2.0042,0.1659,0.1,0.95
policy_v1,448,-58.9599,-2.4567,2.4567,0.1656,0.1,0.95
policy_v1,449,-62.9599,-2.6233,2.6233,0.1653,0.1,0.95
policy_v1,450,-175.9599,-7.3317,7.3317,0.165,0.1,0.95
policy_v1,451,-56.9599,-2.3733,2.3733,0.1647,0.1,0.95
policy_v1,452,-139.9599,-5.8317,5.8317,0.1644,0.1,0.95
policy_v1,453,-141.6462,-5.9019,5.9019,0.1641,0.1,0.95
policy_v1,454,-73.6462,-3.0686,3.0686,0.1638,0.1,0.95
policy_v1,455,-47.1363,-1.964,1.964,0.1635,0.1,0.95
policy_v1,456,-361.9599,-15.0817,15.0817,0.1632,0.1,0.95
policy_v1,457,-138.9599,-5.79,5.79,0.1629,0.1,0.95
policy_v1,458,-68.9599,-2.8733,2.8733,0.1626,0.1,0.95
policy_v1,459,-30.101,-1.2542,1.2542,0.1623,0.1,0.95
policy_v1,460,-330.101,-13.7542,13.7542,0.162,0.1,0.95
policy_v1,461,-238.8188,-9.9508,9.9508,0.1617,0.1,0.95
policy_v1,462,-52.122,-2.1718,2.1718,0.1614,0.1,0.95
policy_v1,463,-36.1716,-1.5071,1.5071,0.1611,0.1,0.95
policy_v1,464,-41.6462,-1.7353,1.7353,0.1608,0.1,0.95
policy_v1,465,-337.9647,-14.0819,14.0819,0.1605,0.1,0.95
policy_v1,466,-231.6087,-9.6504,9.6504,0.1602,0.1,0.95
policy_v1,467,-37.101,-1.5459,1.5459,0.1599,0.1,0.95
policy_v1,468,-145.1363,-6.0473,6.0473,0.1596,0.1,0.95
policy_v1,469,-337.8188,-14.0758,14.0758,0.1593,0.1,0.95
policy_v1,470,-330.6087,-13.7754,13.7754,0.159,0.1,0.95
policy_v1,471,-35.101,-1.4625,1.4625,0.1587,0.1,0.95
policy_v1,472,-437.5051,-18.2294,18.2294,0.1584,0.1,0.95
policy_v1,473,-327.1363,-13.6307,13.6307,0.1581,0.1,0.95
policy_v1,474,-174.9456,-7.2894,7.2894,0.1578,0.1,0.95
policy_v1,475,-136.101,-5.6709,5.6709,0.1575,0.1,0.95
policy_v1,476,-233.9294,-9.7471,9.7471,0.1572,0.1,0.95
policy_v1,477,-37.101,-1.5459,1.5459,0.1569,0.1,0.95
policy_v1,478,-56.1363,-2.339,2.339,0.1566,0.1,0.95
policy_v1,479,-51.5051,-2.146,2.146,0.1563,0.1,0.95
policy_v1,480,-624.9647,-26.0402,26.0402,0.156,0.1,0.95
policy_v1,481,-53.9599,-2.2483,2.2483,0.1557,0.1,0.95
policy_v1,482,-60.6462,-2.5269,2.5269,0.1554,0.1,0.95
policy_v1,483,-46.9599,-1.9567,1.9567,0.1551,0.1,0.95
policy_v1,484,-29.101,-1.2125,1.2125,0.1548,0.1,0.95
policy_v1,485,-46.9599,-1.9567,1.9567,0.1545,0.1,0.95
policy_v1,486,-271.9456,-11.3311,11.3311,0.1542,0.1,0.95
policy_v1,487,-35.1315,-1.4638,1.4638,0.1539,0.1,0.95
policy_v1,488,-361.9599,-15.0817,15.0817,0.1536,0.1,0.95
policy_v1,489,-335.9599,-13.9983,13.9983,0.1533,0.1,0.95
policy_v1,490,-175.9599,-7.3317,7.3317,0.153,0.1,0.95
policy_v1,491,-352.9599,-14.7067,14.7067,0.1527,0.1,0.95
policy_v1,492,-59.6462,-2.4853,2.4853,0.1524,0.1,0.95
policy_v1,493,-155.9599,-6.4983,6.4983,0.1521,0.1,0.95
policy_v1,494,-151.9599,-6.3317,6.3317,0.1518,0.1,0.95
policy_v1,495,-176.9599,-7.3733,7.3733,0.1515,0.1,0.95
policy_v1,496,-145.9599,-6.0817,6.0817,0.1512,0.1,0.95
policy_v1,497,-254.8188,-10.6175,10.6175,0.1509,0.1,0.95
policy_v1,498,-146.9599,-6.1233,6.1233,0.1506,0.1,0.95
policy_v1,499,-336.9599,-14.04,14.04,0.1503,0.1,0.95
policy_v1,500,-51.101,-2.1292,2.1292,0.15,0.1,0.95
policy_v1,501,-73.9456,-3.0811,3.0811,0.1497,0.1,0.95
policy_v1,502,-64.9599,-2.7067,2.7067,0.1494,0.1,0.95
policy_v1,503,-363.122,-15.1301,15.1301,0.1491,0.1,0.95
policy_v1,504,-254.9599,-10.6233,10.6233,0.1488,0.1,0.95
policy_v1,505,-322.101,-13.4209,13.4209,0.1485,0.1,0.95
policy_v1,506,-76.9599,-3.2067,3.2067,0.1482,0.1,0.95
policy_v1,507,-147.9599,-6.165,6.165,0.1479,0.1,0.95
policy_v1,508,-235.6087,-9.817,9.817,0.1476,0.1,0.95
policy_v1,509,-56.9599,-2.3733,2.3733,0.1473,0.1,0.95
policy_v1,510,-341.9599,-14.2483,14.2483,0.147,0.1,0.95
policy_v1,511,-76.9599,-3.2067,3.2067,0.1467,0.1,0.95
policy_v1,512,-29.101,-1.2125,1.2125,0.1464,0.1,0.95
policy_v1,513,-158.6462,-6.6103,6.6103,0.1461,0.1,0.95
policy_v1,514,-41.9599,-1.7483,1.7483,0.1458,0.1,0.95
policy_v1,515,-48.9599,-2.04,2.04,0.1455,0.1,0.95
policy_v1,516,-39.9599,-1.665,1.665,0.1452,0.1,0.95
policy_v1,517,-76.9599,-3.2067,3.2067,0.1449,0.1,0.95
policy_v1,518,-145.5051,-6.0627,6.0627,0.1446,0.1,0.95
policy_v1,519,-37.6462,-1.5686,1.5686,0.1443,0.1,0.95
policy_v1,520,-45.101,-1.8792,1.8792,0.144,0.1,0.95
policy_v1,521,-50.8188,-2.1175,2.1175,0.1437,0.1,0.95
policy_v1,522,-426.1363,-17.7557,17.7557,0.1434,0.1,0.95
policy_v1,523,-289.4676,-12.0611,12.0611,0.1431,0.1,0.95
policy_v1,524,-46.9599,-1.9567,1.9567,0.1428,0.1,0.95
policy_v1,525,-341.9599,-14.2483,14.2483,0.1425,0.1,0.95
policy_v1,526,-145.9599,-6.0817,6.0817,0.1422,0.1,0.95
policy_v1,527,-448.6462,-18.6936,18.6936,0.1419,0.1,0.95
policy_v1,528,-78.9599,-3.29,3.29,0.1416,0.1,0.95
policy_v1,529,-174.9456,-7.2894,7.2894,0.1413,0.1,0.95
policy_v1,530,-235.1363,-9.7973,9.7973,0.141,0.1,0.95
policy_v1,531,-49.101,-2.0459,2.0459,0.1407,0.1,0.95
policy_v1,532,-140.2726,-5.8447,5.8447,0.1404,0.1,0.95
policy_v1,533,-54.0867,-2.2536,2.2536,0.1401,0.1,0.95
policy_v1,534,-333.6087,-13.9004,13.9004,0.1398,0.1,0.95
policy_v1,535,-468.4676,-19.5195,19.5195,0.1395,0.1,0.95
policy_v1,536,-142.101,-5.9209,5.9209,0.1392,0.1,0.95
policy_v1,537,-160.101,-6.6709,6.6709,0.1389,0.1,0.95
policy_v1,538,-379.9456,-15.8311,15.8311,0.1386,0.1,0.95
policy_v1,539,-164.1363,-6.839,6.839,0.1383,0.1,0.95
policy_v1,540,-257.101,-10.7125,10.7125,0.138,0.1,0.95
policy_v1,541,-148.101,-6.1709,6.1709,0.1377,0.1,0.95
policy_v1,542,-76.9599,-3.2067,3.2067,0.1374,0.1,0.95
policy_v1,543,-147.101,-6.1292,6.1292,0.1371,0.1,0.95
policy_v1,544,-57.9599,-2.415,2.415,0.1368,0.1,0.95
policy_v1,545,-60.9599,-2.54,2.54,0.1365,0.1,0.95
policy_v1,546,-60.9599,-2.54,2.54,0.1362,0.1,0.95
policy_v1,547,-44.1363,-1.839,1.839,0.1359,0.1,0.95
policy_v1,548,-345.1539,-14.3814,14.3814,0.1356,0.1,0.95
policy_v1,549,-47.101,-1.9625,1.9625,0.1353,0.1,0.95
policy_v1,550,-440.9599,-18.3733,18.3733,0.135,0.1,0.95
policy_v1,551,-516.6087,-21.5254,21.5254,0.1347,0.1,0.95
policy_v1,552,-175.9599,-7.3317,7.3317,0.1344,0.1,0.95
policy_v1,553,-46.9599,-1.9567,1.9567,0.1341,0.1,0.95
policy_v1,554,-51.9599,-2.165,2.165,0.1338,0.1,0.95
policy_v1,555,-36.9599,-1.54,1.54,0.1335,0.1,0.95
policy_v1,556,-332.1716,-13.8405,13.8405,0.1332,0.1,0.95
policy_v1,557,-50.9599,-2.1233,2.1233,0.1329,0.1,0.95
policy_v1,558,-51.9599,-2.165,2.165,0.1326,0.1,0.95
policy_v1,559,-252.1363,-10.5057,10.5057,0.1323,0.1,0.95
policy_v1,560,-57.6462,-2.4019,2.4019,0.132,0.1,0.95
policy_v1,561,-133.101,-5.5459,5.5459,0.1317,0.1,0.95
policy_v1,562,-64.5051,-2.6877,2.6877,0.1314,0.1,0.95
policy_v1,563,-53.6462,-2.2353,2.2353,0.1311,0.1,0.95
policy_v1,564,-445.9647,-18.5819,18.5819,0.1308,0.1,0.95
policy_v1,565,-62.8188,-2.6175,2.6175,0.1305,0.1,0.95
policy_v1,566,-44.1363,-1.839,1.839,0.1302,0.1,0.95
policy_v1,567,-286.4533,-11.9356,11.9356,0.1299,0.1,0.95
policy_v1,568,-81.8045,-3.4085,3.4085,0.1296,0.1,0.95
policy_v1,569,-46.9599,-1.9567,1.9567,0.1293,0.1,0.95
policy_v1,570,-46.9599,-1.9567,1.9567,0.129,0.1,0.95
policy_v1,571,-149.6462,-6.2353,6.2353,0.1287,0.1,0.95
policy_v1,572,-38.9599,-1.6233,1.6233,0.1284,0.1,0.95
policy_v1,573,-46.9599,-1.9567,1.9567,0.1281,0.1,0.95
policy_v1,574,-274.9599,-11.4567,11.4567,0.1278,0.1,0.95
policy_v1,575,-37.1363,-1.5473,1.5473,0.1275,0.1,0.95
policy_v1,576,-49.101,-2.0459,2.0459,0.1272,0.1,0.95
policy_v1,577,-271.4676,-11.3111,11.3111,0.1269,0.1,0.95
policy_v1,578,-73.9456,-3.0811,3.0811,0.1266,0.1,0.95
policy_v1,579,-146.101,-6.0875,6.0875,0.1263,0.1,0.95
policy_v1,580,-155.9599,-6.4983,6.4983,0.126,0.1,0.95
policy_v1,581,-336.101,-14.0042,14.0042,0.1257,0.1,0.95
policy_v1,582,-422.1363,-17.589,17.589,0.1254,0.1,0.95
policy_v1,583,-43.9599,-1.8317,1.8317,0.1251,0.1,0.95
policy_v1,584,-164.6462,-6.8603,6.8603,0.1248,0.1,0.95
policy_v1,585,-64.9599,-2.7067,2.7067,0.1245,0.1,0.95
policy_v1,586,-337.101,-14.0459,14.0459,0.1242,0.1,0.95
policy_v1,587,-55.1363,-2.2973,2.2973,0.1239,0.1,0.95
policy_v1,588,-63.5051,-2.646,2.646,0.1236,0.1,0.95
policy_v1,589,-153.9599,-6.415,6.415,0.1233,0.1,0.95
policy_v1,590,-131.101,-5.4625,5.4625,0.123,0.1,0.95
policy_v1,591,-43.6462,-1.8186,1.8186,0.1227,0.1,0.95
policy_v1,592,-156.9599,-6.54,6.54,0.1224,0.1,0.95
policy_v1,593,-39.9599,-1.665,1.665,0.1221,0.1,0.95
policy_v1,594,-46.9647,-1.9569,1.9569,0.1218,0.1,0.95
policy_v1,595,-46.9599,-1.9567,1.9567,0.1215,0.1,0.95
policy_v1,596,-76.9599,-3.2067,3.2067,0.1212,0.1,0.95
policy_v1,597,-45.1363,-1.8807,1.8807,0.1209,0.1,0.95
policy_v1,598,-170.9456,-7.1227,7.1227,0.1206,0.1,0.95
policy_v1,599,-34.1363,-1.4223,1.4223,0.1203,0.1,0.95
policy_v1,600,-37.6462,-1.5686,1.5686,0.12,0.1,0.95
policy_v1,601,-37.101,-1.5459,1.5459,0.1197,0.1,0.95
policy_v1,602,-44.1363,-1.839,1.839,0.1194,0.1,0.95
policy_v1,603,-40.9599,-1.7067,1.7067,0.1191,0.1,0.95
policy_v1,604,-37.101,-1.5459,1.5459,0.1188,0.1,0.95
policy_v1,605,-48.8188,-2.0341,2.0341,0.1185,0.1,0.95
policy_v1,606,-239.644,-9.9852,9.9852,0.1182,0.1,0.95
policy_v1,607,-61.9456,-2.5811,2.5811,0.1179,0.1,0.95
policy_v1,608,-37.101,-1.5459,1.5459,0.1176,0.1,0.95
policy_v1,609,-36.9294,-1.5387,1.5387,0.1173,0.1,0.95
policy_v1,610,-53.1716,-2.2155,2.2155,0.117,0.1,0.95
policy_v1,611,-59.8045,-2.4919,2.4919,0.1167,0.1,0.95
policy_v1,612,-49.5051,-2.0627,2.0627,0.1164,0.1,0.95
policy_v1,613,-56.1363,-2.339,2.339,0.1161,0.1,0.95
policy_v1,614,-41.6462,-1.7353,1.7353,0.1158,0.1,0.95
policy_v1,615,-56.9599,-2.3733,2.3733,0.1155,0.1,0.95
policy_v1,616,-76.9599,-3.2067,3.2067,0.1152,0.1,0.95
policy_v1,617,-32.6462,-1.3603,1.3603,0.1149,0.1,0.95
policy_v1,618,-61.6462,-2.5686,2.5686,0.1146,0.1,0.95
policy_v1,619,-237.4676,-9.8945,9.8945,0.1143,0.1,0.95
policy_v1,620,-334.6462,-13.9436,13.9436,0.114,0.1,0.95
policy_v1,621,-56.9599,-2.3733,2.3733,0.1137,0.1,0.95
policy_v1,622,-331.9599,-13.8317,13.8317,0.1134,0.1,0.95
policy_v1,623,-146.9599,-6.1233,6.1233,0.1131,0.1,0.95
policy_v1,624,-345.9599,-14.415,14.415,0.1128,0.1,0.95
policy_v1,625,-233.6087,-9.7337,9.7337,0.1125,0.1,0.95
policy_v1,626,-43.1363,-1.7973,1.7973,0.1122,0.1,0.95
policy_v1,627,-67.9599,-2.8317,2.8317,0.1119,0.1,0.95
policy_v1,628,-46.9599,-1.9567,1.9567,0.1116,0.1,0.95
policy_v1,629,-135.9599,-5.665,5.665,0.1113,0.1,0.95
policy_v1,630,-53.9647,-2.2485,2.2485,0.111,0.1,0.95
policy_v1,631,-438.9599,-18.29,18.29,0.1107,0.1,0.95
policy_v1,632,-171.9599,-7.165,7.165,0.1104,0.1,0.95
policy_v1,633,-55.6767,-2.3199,2.3199,0.1101,0.1,0.95
policy_v1,634,-69.9599,-2.915,2.915,0.1098,0.1,0.95
policy_v1,635,-48.9599,-2.04,2.04,0.1095,0.1,0.95
policy_v1,636,-33.101,-1.3792,1.3792,0.1092,0.1,0.95
policy_v1,637,-176.8045,-7.3669,7.3669,0.1089,0.1,0.95
policy_v1,638,-54.9599,-2.29,2.29,0.1086,0.1,0.95
policy_v1,639,-156.9952,-6.5415,6.5415,0.1083,0.1,0.95
policy_v1,640,-345.9599,-14.415,14.415,0.108,0.1,0.95
policy_v1,641,-43.6462,-1.8186,1.8186,0.1077,0.1,0.95
policy_v1,642,-56.5051,-2.3544,2.3544,0.1074,0.1,0.95
policy_v1,643,-58.9599,-2.4567,2.4567,0.1071,0.1,0.95
policy_v1,644,-56.9599,-2.3733,2.3733,0.1068,0.1,0.95
policy_v1,645,-45.1363,-1.8807,1.8807,0.1065,0.1,0.95
policy_v1,646,-86.0867,-3.5869,3.5869,0.1062,0.1,0.95
policy_v1,647,-57.101,-2.3792,2.3792,0.1059,0.1,0.95
policy_v1,648,-69.6462,-2.9019,2.9019,0.1056,0.1,0.95
policy_v1,649,-55.9599,-2.3317,2.3317,0.1053,0.1,0.95
policy_v1,650,-47.101,-1.9625,1.9625,0.105,0.1,0.95
policy_v1,651,-45.5051,-1.896,1.896,0.1047,0.1,0.95
policy_v1,652,-34.101,-1.4209,1.4209,0.1044,0.1,0.95
policy_v1,653,-148.6462,-6.1936,6.1936,0.1041,0.1,0.95
policy_v1,654,-137.9599,-5.7483,5.7483,0.1038,0.1,0.95
policy_v1,655,-64.9599,-2.7067,2.7067,0.1035,0.1,0.95
policy_v1,656,-44.9599,-1.8733,1.8733,0.1032,0.1,0.95
policy_v1,657,-39.9599,-1.665,1.665,0.1029,0.1,0.95
policy_v1,658,-68.9599,-2.8733,2.8733,0.1026,0.1,0.95
policy_v1,659,-93.9456,-3.9144,3.9144,0.1023,0.1,0.95
policy_v1,660,-230.4665,-9.6028,9.6028,0.102,0.1,0.95
policy_v1,661,-69.9456,-2.9144,2.9144,0.1017,0.1,0.95
policy_v1,662,-341.9599,-14.2483,14.2483,0.1014,0.1,0.95
policy_v1,663,-158.6462,-6.6103,6.6103,0.1011,0.1,0.95
policy_v1,664,-460.9599,-19.2067,19.2067,0.1008,0.1,0.95
policy_v1,665,-55.6462,-2.3186,2.3186,0.1005,0.1,0.95
policy_v1,666,-47.9599,-1.9983,1.9983,0.1002,0.1,0.95
policy_v1,667,-56.9599,-2.3733,2.3733,0.0999,0.1,0.95
policy_v1,668,-358.6462,-14.9436,14.9436,0.0996,0.1,0.95
policy_v1,669,-58.9599,-2.4567,2.4567,0.0993,0.1,0.95
policy_v1,670,-345.9599,-14.415,14.415,0.099,0.1,0.95
policy_v1,671,-76.9599,-3.2067,3.2067,0.0987,0.1,0.95
policy_v1,672,-46.1363,-1.9223,1.9223,0.0984,0.1,0.95
policy_v1,673,-175.122,-7.2968,7.2968,0.0981,0.1,0.95
policy_v1,674,-166.7883,-6.9495,6.9495,0.0978,0.1,0.95
policy_v1,675,-79.1716,-3.2988,3.2988,0.0975,0.1,0.95
policy_v1,676,-66.9599,-2.79,2.79,0.0972,0.1,0.95
policy_v1,677,-175.9599,-7.3317,7.3317,0.0969,0.1,0.95
policy_v1,678,-36.9599,-1.54,1.54,0.0966,0.1,0.95
policy_v1,679,-51.1315,-2.1305,2.1305,0.0963,0.1,0.95
policy_v1,680,-142.5051,-5.9377,5.9377,0.096,0.1,0.95
policy_v1,681,-40.101,-1.6709,1.6709,0.0957,0.1,0.95
policy_v1,682,-443.9599,-18.4983,18.4983,0.0954,0.1,0.95
policy_v1,683,-40.1363,-1.6723,1.6723,0.0951,0.1,0.95
policy_v1,684,-45.6462,-1.9019,1.9019,0.0948,0.1,0.95
policy_v1,685,-52.9599,-2.2067,2.2067,0.0945,0.1,0.95
policy_v1,686,-76.9599,-3.2067,3.2067,0.0942,0.1,0.95
policy_v1,687,-48.9599,-2.04,2.04,0.0939,0.1,0.95
policy_v1,688,-56.9599,-2.3733,2.3733,0.0936,0.1,0.95
policy_v1,689,-54.9599,-2.29,2.29,0.0933,0.1,0.95
policy_v1,690,-35.1363,-1.464,1.464,0.093,0.1,0.95
policy_v1,691,-42.1363,-1.7557,1.7557,0.0927,0.1,0.95
policy_v1,692,-252.4533,-10.5189,10.5189,0.0924,0.1,0.95
policy_v1,693,-160.6462,-6.6936,6.6936,0.0921,0.1,0.95
policy_v1,694,-45.1363,-1.8807,1.8807,0.0918,0.1,0.95
policy_v1,695,-240.1539,-10.0064,10.0064,0.0915,0.1,0.95
policy_v1,696,-445.0867,-18.5453,18.5453,0.0912,0.1,0.95
policy_v1,697,-44.1716,-1.8405,1.8405,0.0909,0.1,0.95
policy_v1,698,-45.101,-1.8792,1.8792,0.0906,0.1,0.95
policy_v1,699,-37.6462,-1.5686,1.5686,0.0903,0.1,0.95
policy_v1,700,-50.8188,-2.1175,2.1175,0.09,0.1,0.95
policy_v1,701,-44.8188,-1.8675,1.8675,0.0897,0.1,0.95
policy_v1,702,-45.1363,-1.8807,1.8807,0.0894,0.1,0.95
policy_v1,703,-53.1363,-2.214,2.214,0.0891,0.1,0.95
policy_v1,704,-238.1539,-9.9231,9.9231,0.0888,0.1,0.95
policy_v1,705,-37.101,-1.5459,1.5459,0.0885,0.1,0.95
policy_v1,706,-136.101,-5.6709,5.6709,0.0882,0.1,0.95
policy_v1,707,-46.9599,-1.9567,1.9567,0.0879,0.1,0.95
policy_v1,708,-47.9599,-1.9983,1.9983,0.0876,0.1,0.95
policy_v1,709,-248.295,-10.3456,10.3456,0.0873,0.1,0.95
policy_v1,710,-62.9599,-2.6233,2.6233,0.087,0.1,0.95
policy_v1,711,-93.9456,-3.9144,3.9144,0.0867,0.1,0.95
policy_v1,712,-57.9456,-2.4144,2.4144,0.0864,0.1,0.95
policy_v1,713,-46.9599,-1.9567,1.9567,0.0861,0.1,0.95
policy_v1,714,-46.8188,-1.9508,1.9508,0.0858,0.1,0.95
policy_v1,715,-322.101,-13.4209,13.4209,0.0855,0.1,0.95
policy_v1,716,-37.101,-1.5459,1.5459,0.0852,0.1,0.95
policy_v1,717,-35.9294,-1.4971,1.4971,0.0849,0.1,0.95
policy_v1,718,-66.122,-2.7551,2.7551,0.0846,0.1,0.95
policy_v1,719,-127.1363,-5.2973,5.2973,0.0843,0.1,0.95
policy_v1,720,-150.9599,-6.29,6.29,0.084,0.1,0.95
policy_v1,721,-238.4371,-9.9349,9.9349,0.0837,0.1,0.95
policy_v1,722,-56.9599,-2.3733,2.3733,0.0834,0.1,0.95
policy_v1,723,-36.101,-1.5042,1.5042,0.0831,0.1,0.95
policy_v1,724,-50.8188,-2.1175,2.1175,0.0828,0.1,0.95
policy_v1,725,-33.101,-1.3792,1.3792,0.0825,0.1,0.95
policy_v1,726,-36.6462,-1.5269,1.5269,0.0822,0.1,0.95
policy_v1,727,-133.9599,-5.5817,5.5817,0.0819,0.1,0.95
policy_v1,728,-57.9599,-2.415,2.415,0.0816,0.1,0.95
policy_v1,729,-39.6462,-1.6519,1.6519,0.0813,0.1,0.95
policy_v1,730,-48.9599,-2.04,2.04,0.081,0.1,0.95
policy_v1,731,-342.101,-14.2542,14.2542,0.0807,0.1,0.95
policy_v1,732,-46.9599,-1.9567,1.9567,0.0804,0.1,0.95
policy_v1,733,-27.2726,-1.1364,1.1364,0.0801,0.1,0.95
policy_v1,734,-322.101,-13.4209,13.4209,0.0798,0.1,0.95
policy_v1,735,-151.8188,-6.3258,6.3258,0.0795,0.1,0.95
policy_v1,736,-57.6462,-2.4019,2.4019,0.0792,0.1,0.95
policy_v1,737,-175.9599,-7.3317,7.3317,0.0789,0.1,0.95
policy_v1,738,-67.9599,-2.8317,2.8317,0.0786,0.1,0.95
policy_v1,739,-46.9599,-1.9567,1.9567,0.0783,0.1,0.95
policy_v1,740,-53.9599,-2.2483,2.2483,0.078,0.1,0.95
policy_v1,741,-68.9599,-2.8733,2.8733,0.0777,0.1,0.95
policy_v1,742,-43.6462,-1.8186,1.8186,0.0774,0.1,0.95
policy_v1,743,-58.8188,-2.4508,2.4508,0.0771,0.1,0.95
policy_v1,744,-28.101,-1.1709,1.1709,0.0768,0.1,0.95
policy_v1,745,-331.9599,-13.8317,13.8317,0.0765,0.1,0.95
policy_v1,746,-56.9599,-2.3733,2.3733,0.0762,0.1,0.95
policy_v1,747,-252.1539,-10.5064,10.5064,0.0759,0.1,0.95
policy_v1,748,-58.9599,-2.4567,2.4567,0.0756,0.1,0.95
policy_v1,749,-620.295,-25.8456,25.8456,0.0753,0.1,0.95
policy_v1,750,-40.9599,-1.7067,1.7067,0.075,0.1,0.95
policy_v1,751,-65.6462,-2.7353,2.7353,0.0747,0.1,0.95
policy_v1,752,-49.9599,-2.0817,2.0817,0.0744,0.1,0.95
policy_v1,753,-68.9599,-2.8733,2.8733,0.0741,0.1,0.95
policy_v1,754,-42.9599,-1.79,1.79,0.0738,0.1,0.95
policy_v1,755,-39.6462,-1.6519,1.6519,0.0735,0.1,0.95
policy_v1,756,-46.8188,-1.9508,1.9508,0.0732,0.1,0.95
policy_v1,757,-56.9599,-2.3733,2.3733,0.0729,0.1,0.95
policy_v1,758,-46.9599,-1.9567,1.9567,0.0726,0.1,0.95
policy_v1,759,-242.4676,-10.1028,10.1028,0.0723,0.1,0.95
policy_v1,760,-50.9599,-2.1233,2.1233,0.072,0.1,0.95
policy_v1,761,-78.9599,-3.29,3.29,0.0717,0.1,0.95
policy_v1,762,-71.8045,-2.9919,2.9919,0.0714,0.1,0.95
policy_v1,763,-145.9599,-6.0817,6.0817,0.0711,0.1,0.95
policy_v1,764,-29.101,-1.2125,1.2125,0.0708,0.1,0.95
policy_v1,765,-69.6462,-2.9019,2.9019,0.0705,0.1,0.95
policy_v1,766,-76.9599,-3.2067,3.2067,0.0702,0.1,0.95
policy_v1,767,-35.3079,-1.4712,1.4712,0.0699,0.1,0.95
policy_v1,768,-736.1363,-30.6723,30.6723,0.0696,0.1,0.95
policy_v1,769,-64.9599,-2.7067,2.7067,0.0693,0.1,0.95
policy_v1,770,-61.5051,-2.5627,2.5627,0.069,0.1,0.95
policy_v1,771,-48.101,-2.0042,2.0042,0.0687,0.1,0.95
policy_v1,772,-42.1363,-1.7557,1.7557,0.0684,0.1,0.95
policy_v1,773,-61.1363,-2.5473,2.5473,0.0681,0.1,0.95
policy_v1,774,-76.9599,-3.2067,3.2067,0.0678,0.1,0.95
policy_v1,775,-55.1363,-2.2973,2.2973,0.0675,0.1,0.95
policy_v1,776,-63.6462,-2.6519,2.6519,0.0672,0.1,0.95
policy_v1,777,-36.9599,-1.54,1.54,0.0669,0.1,0.95
policy_v1,778,-449.9599,-18.7483,18.7483,0.0666,0.1,0.95
policy_v1,779,-36.9599,-1.54,1.54,0.0663,0.1,0.95
policy_v1,780,-38.9599,-1.6233,1.6233,0.066,0.1,0.95
policy_v1,781,-67.9599,-2.8317,2.8317,0.0657,0.1,0.95
policy_v1,782,-37.101,-1.5459,1.5459,0.0654,0.1,0.95
policy_v1,783,-64.9599,-2.7067,2.7067,0.0651,0.1,0.95
policy_v1,784,-39.9599,-1.665,1.665,0.0648,0.1,0.95
policy_v1,785,-76.9599,-3.2067,3.2067,0.0645,0.1,0.95
policy_v1,786,-56.9599,-2.3733,2.3733,0.0642,0.1,0.95
policy_v1,787,-49.6462,-2.0686,2.0686,0.0639,0.1,0.95
policy_v1,788,-44.9599,-1.8733,1.8733,0.0636,0.1,0.95
policy_v1,789,-167.8188,-6.9925,6.9925,0.0633,0.1,0.95
policy_v1,790,-38.9599,-1.6233,1.6233,0.063,0.1,0.95
policy_v1,791,-61.6462,-2.5686,2.5686,0.0627,0.1,0.95
policy_v1,792,-48.9599,-2.04,2.04,0.0624,0.1,0.95
policy_v1,793,-56.9599,-2.3733,2.3733,0.0621,0.1,0.95
policy_v1,794,-44.9647,-1.8735,1.8735,0.0618,0.1,0.95
policy_v1,795,-43.101,-1.7959,1.7959,0.0615,0.1,0.95
policy_v1,796,-48.6462,-2.0269,2.0269,0.0612,0.1,0.95
policy_v1,797,-36.8188,-1.5341,1.5341,0.0609,0.1,0.95
policy_v1,798,-46.8188,-1.9508,1.9508,0.0606,0.1,0.95
policy_v1,799,-49.6462,-2.0686,2.0686,0.0603,0.1,0.95
policy_v1,800,-440.1363,-18.339,18.339,0.06,0.1,0.95
policy_v1,801,-56.9599,-2.3733,2.3733,0.0597,0.1,0.95
policy_v1,802,-58.9599,-2.4567,2.4567,0.0594,0.1,0.95
policy_v1,803,-164.9599,-6.8733,6.8733,0.0591,0.1,0.95
policy_v1,804,-49.6462,-2.0686,2.0686,0.0588,0.1,0.95
policy_v1,805,-36.9599,-1.54,1.54,0.0585,0.1,0.95
policy_v1,806,-65.5051,-2.7294,2.7294,0.0582,0.1,0.95
policy_v1,807,-46.9599,-1.9567,1.9567,0.0579,0.1,0.95
policy_v1,808,-30.101,-1.2542,1.2542,0.0576,0.1,0.95
policy_v1,809,-53.1363,-2.214,2.214,0.0573,0.1,0.95
policy_v1,810,-68.9599,-2.8733,2.8733,0.057,0.1,0.95
policy_v1,811,-47.9599,-1.9983,1.9983,0.0567,0.1,0.95
policy_v1,812,-57.9599,-2.415,2.415,0.0564,0.1,0.95
policy_v1,813,-40.8188,-1.7008,1.7008,0.0561,0.1,0.95
policy_v1,814,-34.6462,-1.4436,1.4436,0.0558,0.1,0.95
policy_v1,815,-67.9599,-2.8317,2.8317,0.0555,0.1,0.95
policy_v1,816,-35.101,-1.4625,1.4625,0.0552,0.1,0.95
policy_v1,817,-42.9599,-1.79,1.79,0.0549,0.1,0.95
policy_v1,818,-341.9599,-14.2483,14.2483,0.0546,0.1,0.95
policy_v1,819,-334.5051,-13.9377,13.9377,0.0543,0.1,0.95
policy_v1,820,-36.9294,-1.5387,1.5387,0.054,0.1,0.95
policy_v1,821,-37.101,-1.5459,1.5459,0.0537,0.1,0.95
policy_v1,822,-164.8045,-6.8669,6.8669,0.0534,0.1,0.95
policy_v1,823,-61.9456,-2.5811,2.5811,0.0531,0.1,0.95
policy_v1,824,-52.9599,-2.2067,2.2067,0.0528,0.1,0.95
policy_v1,825,-46.9599,-1.9567,1.9567,0.0525,0.1,0.95
policy_v1,826,-27.1363,-1.1307,1.1307,0.0522,0.1,0.95
policy_v1,827,-29.1363,-1.214,1.214,0.0519,0.1,0.95
policy_v1,828,-76.9599,-3.2067,3.2067,0.0516,0.1,0.95
policy_v1,829,-41.6462,-1.7353,1.7353,0.0513,0.1,0.95
policy_v1,830,-46.9599,-1.9567,1.9567,0.051,0.1,0.95
policy_v1,831,-46.9599,-1.9567,1.9567,0.0507,0.1,0.95
policy_v1,832,-58.9599,-2.4567,2.4567,0.0504,0.1,0.95
policy_v1,833,-36.1363,-1.5057,1.5057,0.0501,0.1,0.95
policy_v1,834,-32.9294,-1.3721,1.3721,0.0498,0.1,0.95
policy_v1,835,-38.6462,-1.6103,1.6103,0.0495,0.1,0.95
policy_v1,836,-56.1363,-2.339,2.339,0.0492,0.1,0.95
policy_v1,837,-223.6087,-9.317,9.317,0.0489,0.1,0.95
policy_v1,838,-56.9599,-2.3733,2.3733,0.0486,0.1,0.95
policy_v1,839,-81.9456,-3.4144,3.4144,0.0483,0.1,0.95
policy_v1,840,-35.101,-1.4625,1.4625,0.048,0.1,0.95
policy_v1,841,-52.9599,-2.2067,2.2067,0.0477,0.1,0.95
policy_v1,842,-40.1363,-1.6723,1.6723,0.0474,0.1,0.95
policy_v1,843,-36.9599,-1.54,1.54,0.0471,0.1,0.95
policy_v1,844,-353.9599,-14.7483,14.7483,0.0468,0.1,0.95
policy_v1,845,-47.9599,-1.9983,1.9983,0.0465,0.1,0.95
policy_v1,846,-33.6462,-1.4019,1.4019,0.0462,0.1,0.95
policy_v1,847,-158.8188,-6.6175,6.6175,0.0459,0.1,0.95
policy_v1,848,-46.9599,-1.9567,1.9567,0.0456,0.1,0.95
policy_v1,849,-28.101,-1.1709,1.1709,0.0453,0.1,0.95
policy_v1,850,-63.9456,-2.6644,2.6644,0.045,0.1,0.95
policy_v1,851,-58.9599,-2.4567,2.4567,0.0447,0.1,0.95
policy_v1,852,-60.8188,-2.5341,2.5341,0.0444,0.1,0.95
policy_v1,853,-47.9599,-1.9983,1.9983,0.0441,0.1,0.95
policy_v1,854,-27.101,-1.1292,1.1292,0.0438,0.1,0.95
policy_v1,855,-65.5051,-2.7294,2.7294,0.0435,0.1,0.95
policy_v1,856,-135.9599,-5.665,5.665,0.0432,0.1,0.95
policy_v1,857,-64.9599,-2.7067,2.7067,0.0429,0.1,0.95
policy_v1,858,-42.9599,-1.79,1.79,0.0426,0.1,0.95
policy_v1,859,-50.9599,-2.1233,2.1233,0.0423,0.1,0.95
policy_v1,860,-152.6462,-6.3603,6.3603,0.042,0.1,0.95
policy_v1,861,-53.9599,-2.2483,2.2483,0.0417,0.1,0.95
policy_v1,862,-274.9599,-11.4567,11.4567,0.0414,0.1,0.95
policy_v1,863,-56.9599,-2.3733,2.3733,0.0411,0.1,0.95
policy_v1,864,-36.9599,-1.54,1.54,0.0408,0.1,0.95
policy_v1,865,-36.101,-1.5042,1.5042,0.0405,0.1,0.95
policy_v1,866,-155.6462,-6.4853,6.4853,0.0402,0.1,0.95
policy_v1,867,-76.9599,-3.2067,3.2067,0.0399,0.1,0.95
policy_v1,868,-46.9599,-1.9567,1.9567,0.0396,0.1,0.95
policy_v1,869,-27.1363,-1.1307,1.1307,0.0393,0.1,0.95
policy_v1,870,-155.9599,-6.4983,6.4983,0.039,0.1,0.95
policy_v1,871,-156.9599,-6.54,6.54,0.0387,0.1,0.95
policy_v1,872,-52.9599,-2.2067,2.2067,0.0384,0.1,0.95
policy_v1,873,-63.5051,-2.646,2.646,0.0381,0.1,0.95
policy_v1,874,-60.8188,-2.5341,2.5341,0.0378,0.1,0.95
policy_v1,875,-69.5051,-2.896,2.896,0.0375,0.1,0.95
policy_v1,876,-52.101,-2.1709,2.1709,0.0372,0.1,0.95
policy_v1,877,-56.9599,-2.3733,2.3733,0.0369,0.1,0.95
policy_v1,878,-57.1363,-2.3807,2.3807,0.0366,0.1,0.95
policy_v1,879,-265.9599,-11.0817,11.0817,0.0363,0.1,0.95
policy_v1,880,-47.101,-1.9625,1.9625,0.036,0.1,0.95
policy_v1,881,-47.9599,-1.9983,1.9983,0.0357,0.1,0.95
policy_v1,882,-36.9599,-1.54,1.54,0.0354,0.1,0.95
policy_v1,883,-56.9599,-2.3733,2.3733,0.0351,0.1,0.95
policy_v1,884,-41.6462,-1.7353,1.7353,0.0348,0.1,0.95
policy_v1,885,-48.9599,-2.04,2.04,0.0345,0.1,0.95
policy_v1,886,-69.6462,-2.9019,2.9019,0.0342,0.1,0.95
policy_v1,887,-67.9599,-2.8317,2.8317,0.0339,0.1,0.95
policy_v1,888,-28.101,-1.1709,1.1709,0.0336,0.1,0.95
policy_v1,889,-48.9599,-2.04,2.04,0.0333,0.1,0.95
policy_v1,890,-34.1363,-1.4223,1.4223,0.033,0.1,0.95
policy_v1,891,-38.9599,-1.6233,1.6233,0.0327,0.1,0.95
policy_v1,892,-46.9599,-1.9567,1.9567,0.0324,0.1,0.95
policy_v1,893,-56.9599,-2.3733,2.3733,0.0321,0.1,0.95
policy_v1,894,-38.9599,-1.6233,1.6233,0.0318,0.1,0.95
policy_v1,895,-44.8188,-1.8675,1.8675,0.0315,0.1,0.95
policy_v1,896,-56.9599,-2.3733,2.3733,0.0312,0.1,0.95
policy_v1,897,-344.6462,-14.3603,14.3603,0.0309,0.1,0.95
policy_v1,898,-27.3079,-1.1378,1.1378,0.0306,0.1,0.95
policy_v1,899,-54.6462,-2.2769,2.2769,0.0303,0.1,0.95
policy_v1,900,-263.4676,-10.9778,10.9778,0.03,0.1,0.95
policy_v1,901,-57.9599,-2.415,2.415,0.0297,0.1,0.95
policy_v1,902,-175.9599,-7.3317,7.3317,0.0294,0.1,0.95
policy_v1,903,-51.1363,-2.1307,2.1307,0.0291,0.1,0.95
policy_v1,904,-65.6462,-2.7353,2.7353,0.0288,0.1,0.95
policy_v1,905,-343.9647,-14.3319,14.3319,0.0285,0.1,0.95
policy_v1,906,-72.8188,-3.0341,3.0341,0.0282,0.1,0.95
policy_v1,907,-57.1363,-2.3807,2.3807,0.0279,0.1,0.95
policy_v1,908,-68.122,-2.8384,2.8384,0.0276,0.1,0.95
policy_v1,909,-67.9952,-2.8331,2.8331,0.0273,0.1,0.95
policy_v1,910,-51.1716,-2.1321,2.1321,0.027,0.1,0.95
policy_v1,911,-161.9647,-6.7485,6.7485,0.0267,0.1,0.95
policy_v1,912,-45.9647,-1.9152,1.9152,0.0264,0.1,0.95
policy_v1,913,-79.1573,-3.2982,3.2982,0.0261,0.1,0.95
policy_v1,914,-50.9647,-2.1235,2.1235,0.0258,0.1,0.95
policy_v1,915,-48.1363,-2.0057,2.0057,0.0255,0.1,0.95
policy_v1,916,-59.9599,-2.4983,2.4983,0.0252,0.1,0.95
policy_v1,917,-43.1363,-1.7973,1.7973,0.0249,0.1,0.95
policy_v1,918,-65.1363,-2.714,2.714,0.0246,0.1,0.95
policy_v1,919,-46.1363,-1.9223,1.9223,0.0243,0.1,0.95
policy_v1,920,-154.1363,-6.4223,6.4223,0.024,0.1,0.95
policy_v1,921,-52.9599,-2.2067,2.2067,0.0237,0.1,0.95
policy_v1,922,-68.9952,-2.8748,2.8748,0.0234,0.1,0.95
policy_v1,923,-45.1363,-1.8807,1.8807,0.0231,0.1,0.95
policy_v1,924,-38.1363,-1.589,1.589,0.0228,0.1,0.95
policy_v1,925,-156.101,-6.5042,6.5042,0.0225,0.1,0.95
policy_v1,926,-68.101,-2.8375,2.8375,0.0222,0.1,0.95
policy_v1,927,-76.9599,-3.2067,3.2067,0.0219,0.1,0.95
policy_v1,928,-58.1363,-2.4223,2.4223,0.0216,0.1,0.95
policy_v1,929,-44.9599,-1.8733,1.8733,0.0213,0.1,0.95
policy_v1,930,-45.1363,-1.8807,1.8807,0.021,0.1,0.95
policy_v1,931,-59.101,-2.4625,2.4625,0.0207,0.1,0.95
policy_v1,932,-46.9599,-1.9567,1.9567,0.0204,0.1,0.95
policy_v1,933,-68.9599,-2.8733,2.8733,0.0201,0.1,0.95
policy_v1,934,-46.9599,-1.9567,1.9567,0.0198,0.1,0.95
policy_v1,935,-56.9599,-2.3733,2.3733,0.0195,0.1,0.95
policy_v1,936,-34.6462,-1.4436,1.4436,0.0192,0.1,0.95
policy_v1,937,-138.9599,-5.79,5.79,0.0189,0.1,0.95
policy_v1,938,-27.101,-1.1292,1.1292,0.0186,0.1,0.95
policy_v1,939,-58.9599,-2.4567,2.4567,0.0183,0.1,0.95
policy_v1,940,-46.9599,-1.9567,1.9567,0.018,0.1,0.95
policy_v1,941,-56.9599,-2.3733,2.3733,0.0177,0.1,0.95
policy_v1,942,-38.1363,-1.589,1.589,0.0174,0.1,0.95
policy_v1,943,-46.9599,-1.9567,1.9567,0.0171,0.1,0.95
policy_v1,944,-33.6462,-1.4019,1.4019,0.0168,0.1,0.95
policy_v1,945,-76.9599,-3.2067,3.2067,0.0165,0.1,0.95
policy_v1,946,-68.9599,-2.8733,2.8733,0.0162,0.1,0.95
policy_v1,947,-51.6462,-2.1519,2.1519,0.0159,0.1,0.95
policy_v1,948,-37.9599,-1.5817,1.5817,0.0156,0.1,0.95
policy_v1,949,-46.9599,-1.9567,1.9567,0.0153,0.1,0.95
policy_v1,950,-47.9599,-1.9983,1.9983,0.015,0.1,0.95
policy_v1,951,-27.1716,-1.1321,1.1321,0.0147,0.1,0.95
policy_v1,952,-56.9599,-2.3733,2.3733,0.0144,0.1,0.95
policy_v1,953,-50.8188,-2.1175,2.1175,0.0141,0.1,0.95
policy_v1,954,-62.8188,-2.6175,2.6175,0.0138,0.1,0.95
policy_v1,955,-31.0,-1.2917,1.2917,0.0135,0.1,0.95
policy_v1,956,-78.9599,-3.29,3.29,0.0132,0.1,0.95
policy_v1,957,-39.9599,-1.665,1.665,0.0129,0.1,0.95
policy_v1,958,-52.8188,-2.2008,2.2008,0.0126,0.1,0.95
policy_v1,959,-67.9599,-2.8317,2.8317,0.0123,0.1,0.95
policy_v1,960,-46.9599,-1.9567,1.9567,0.012,0.1,0.95
policy_v1,961,-50.9599,-2.1233,2.1233,0.0117,0.1,0.95
policy_v1,962,-59.5051,-2.4794,2.4794,0.0114,0.1,0.95
policy_v1,963,-30.1363,-1.2557,1.2557,0.0111,0.1,0.95
policy_v1,964,-76.9599,-3.2067,3.2067,0.0108,0.1,0.95
policy_v1,965,-45.1363,-1.8807,1.8807,0.0105,0.1,0.95
policy_v1,966,-53.5051,-2.2294,2.2294,0.0102,0.1,0.95
policy_v1,967,-45.6462,-1.9019,1.9019,0.01,0.1,0.95
policy_v1,968,-31.1363,-1.2973,1.2973,0.01,0.1,0.95
policy_v1,969,-43.9599,-1.8317,1.8317,0.01,0.1,0.95
policy_v1,970,-63.5051,-2.646,2.646,0.01,0.1,0.95
policy_v1,971,-168.5051,-7.021,7.021,0.01,0.1,0.95
policy_v1,972,-46.9599,-1.9567,1.9567,0.01,0.1,0.95
policy_v1,973,-56.9599,-2.3733,2.3733,0.01,0.1,0.95
policy_v1,974,-36.9599,-1.54,1.54,0.01,0.1,0.95
policy_v1,975,-27.101,-1.1292,1.1292,0.01,0.1,0.95
policy_v1,976,-56.9599,-2.3733,2.3733,0.01,0.1,0.95
policy_v1,977,-48.9599,-2.04,2.04,0.01,0.1,0.95
policy_v1,978,-56.6462,-2.3603,2.3603,0.01,0.1,0.95
policy_v1,979,-35.6462,-1.4853,1.4853,0.01,0.1,0.95
policy_v1,980,-73.6462,-3.0686,3.0686,0.01,0.1,0.95
policy_v1,981,-46.9599,-1.9567,1.9567,0.01,0.1,0.95
policy_v1,982,-56.9599,-2.3733,2.3733,0.01,0.1,0.95
policy_v1,983,-36.9599,-1.54,1.54,0.01,0.1,0.95
policy_v1,984,-56.9599,-2.3733,2.3733,0.01,0.1,0.95
policy_v1,985,-40.9599,-1.7067,1.7067,0.01,0.1,0.95
policy_v1,986,-36.9599,-1.54,1.54,0.01,0.1,0.95
policy_v1,987,-146.9599,-6.1233,6.1233,0.01,0.1,0.95
policy_v1,988,-37.9599,-1.5817,1.5817,0.01,0.1,0.95
policy_v1,989,-59.6462,-2.4853,2.4853,0.01,0.1,0.95
policy_v1,990,-34.9599,-1.4567,1.4567,0.01,0.1,0.95
policy_v1,991,-28.1363,-1.1723,1.1723,0.01,0.1,0.95
policy_v1,992,-42.9599,-1.79,1.79,0.01,0.1,0.95
policy_v1,993,-44.9599,-1.8733,1.8733,0.01,0.1,0.95
policy_v1,994,-73.5051,-3.0627,3.0627,0.01,0.1,0.95
policy_v1,995,-67.9599,-2.8317,2.8317,0.01,0.1,0.95
policy_v1,996,-55.9599,-2.3317,2.3317,0.01,0.1,0.95
policy_v1,997,-44.9599,-1.8733,1.8733,0.01,0.1,0.95
policy_v1,998,-34.101,-1.4209,1.4209,0.01,0.1,0.95
policy_v1,999,-46.9599,-1.9567,1.9567,0.01,0.1,0.95
